Image,Count
FILE_017.jpg,1
FILE_017_0.jpg,1
FILE_017_1.jpg,1
FILE_017_11.jpg,1
FILE_017_12.jpg,1
FILE_017_13.jpg,1
FILE_017_14.jpg,1
FILE_017_15.jpg,1
FILE_017_16.jpg,1
FILE_017_17.jpg,1
FILE_017_19.jpg,1
FILE_017_20.jpg,1
FILE_017_21.jpg,1
FILE_017_22.jpg,1
FILE_017_23.jpg,1
FILE_017_24.jpg,1
FILE_017_3.jpg,1
FILE_017_4.jpg,1
FILE_017_5.jpg,1
FILE_017_6.jpg,1
FILE_017_7.jpg,1
FILE_017_8.jpg,1
FILE_017_9.jpg,1
FILE_021.jpg,1
FILE_021_0.jpg,1
FILE_021_1.jpg,1
FILE_021_11.jpg,1
FILE_021_12.jpg,1
FILE_021_13.jpg,1
FILE_021_15.jpg,1
FILE_021_16.jpg,1
FILE_021_17.jpg,1
FILE_021_19.jpg,1
FILE_021_2.jpg,1
FILE_021_20.jpg,1
FILE_021_21.jpg,1
FILE_021_22.jpg,1
FILE_021_23.jpg,1
FILE_021_24.jpg,1
FILE_021_3.jpg,1
FILE_021_4.jpg,1
FILE_021_5.jpg,1
FILE_021_6.jpg,1
FILE_021_7.jpg,1
FILE_021_8.jpg,1
FILE_021_9.jpg,1
FILE_022.jpg,1
FILE_022_0.jpg,1
FILE_022_1.jpg,1
FILE_022_11.jpg,1
FILE_022_12.jpg,1
FILE_022_13.jpg,1
FILE_022_15.jpg,1
FILE_022_16.jpg,1
FILE_022_17.jpg,1
FILE_022_19.jpg,1
FILE_022_2.jpg,1
FILE_022_20.jpg,1
FILE_022_21.jpg,1
FILE_022_22.jpg,1
FILE_022_23.jpg,1
FILE_022_24.jpg,1
FILE_022_3.jpg,1
FILE_022_4.jpg,1
FILE_022_5.jpg,1
FILE_022_7.jpg,1
FILE_022_8.jpg,1
FILE_022_9.jpg,1
FILE_023.jpg,1
FILE_023_0.jpg,1
FILE_023_1.jpg,1
FILE_023_11.jpg,1
FILE_023_12.jpg,1
FILE_023_13.jpg,1
FILE_023_14.jpg,1
FILE_023_15.jpg,1
FILE_023_16.jpg,1
FILE_023_17.jpg,1
FILE_023_18.jpg,1
FILE_023_19.jpg,1
FILE_023_2.jpg,1
FILE_023_20.jpg,1
FILE_023_21.jpg,1
FILE_023_22.jpg,1
FILE_023_23.jpg,1
FILE_023_24.jpg,1
FILE_023_3.jpg,1
FILE_023_4.jpg,1
FILE_023_5.jpg,1
FILE_023_6.jpg,1
FILE_023_7.jpg,1
FILE_023_8.jpg,1
FILE_023_9.jpg,1
FILE_024.jpg,1
FILE_024_0.jpg,1
FILE_024_1.jpg,1
FILE_024_10.jpg,1
FILE_024_11.jpg,1
FILE_024_12.jpg,1
FILE_024_13.jpg,1
FILE_024_15.jpg,1
FILE_024_16.jpg,1
FILE_024_17.jpg,1
FILE_024_18.jpg,1
FILE_024_19.jpg,1
FILE_024_2.jpg,1
FILE_024_20.jpg,1
FILE_024_21.jpg,1
FILE_024_22.jpg,1
FILE_024_23.jpg,1
FILE_024_24.jpg,1
FILE_024_3.jpg,1
FILE_024_4.jpg,1
FILE_024_5.jpg,1
FILE_024_6.jpg,1
FILE_024_7.jpg,1
FILE_024_8.jpg,1
FILE_024_9.jpg,1
FILE_025.jpg,1
FILE_025_0.jpg,1
FILE_025_1.jpg,1
FILE_025_11.jpg,1
FILE_025_12.jpg,1
FILE_025_13.jpg,1
FILE_025_15.jpg,1
FILE_025_16.jpg,1
FILE_025_17.jpg,1
FILE_025_19.jpg,1
FILE_025_2.jpg,1
FILE_025_20.jpg,1
FILE_025_21.jpg,1
FILE_025_22.jpg,1
FILE_025_23.jpg,1
FILE_025_24.jpg,1
FILE_025_3.jpg,1
FILE_025_4.jpg,1
FILE_025_5.jpg,1
FILE_025_6.jpg,1
FILE_025_7.jpg,1
FILE_025_8.jpg,1
FILE_025_9.jpg,1
FILE_031.jpg,1
FILE_031_0.jpg,1
FILE_031_1.jpg,1
FILE_031_11.jpg,1
FILE_031_12.jpg,1
FILE_031_13.jpg,1
FILE_031_15.jpg,1
FILE_031_16.jpg,1
FILE_031_17.jpg,1
FILE_031_19.jpg,1
FILE_031_2.jpg,1
FILE_031_20.jpg,1
FILE_031_21.jpg,1
FILE_031_22.jpg,1
FILE_031_23.jpg,1
FILE_031_24.jpg,1
FILE_031_3.jpg,1
FILE_031_4.jpg,1
FILE_031_5.jpg,1
FILE_031_6.jpg,1
FILE_031_7.jpg,1
FILE_031_8.jpg,1
FILE_031_9.jpg,1
FILE_032.jpg,1
FILE_032_0.jpg,1
FILE_032_1.jpg,1
FILE_032_10.jpg,1
FILE_032_11.jpg,1
FILE_032_12.jpg,1
FILE_032_13.jpg,1
FILE_032_15.jpg,1
FILE_032_16.jpg,1
FILE_032_17.jpg,1
FILE_032_18.jpg,1
FILE_032_19.jpg,1
FILE_032_2.jpg,1
FILE_032_20.jpg,1
FILE_032_21.jpg,1
FILE_032_22.jpg,1
FILE_032_23.jpg,1
FILE_032_24.jpg,1
FILE_032_3.jpg,1
FILE_032_4.jpg,1
FILE_032_5.jpg,1
FILE_032_6.jpg,1
FILE_032_7.jpg,1
FILE_032_8.jpg,1
FILE_032_9.jpg,1
FILE_033.jpg,1
FILE_033_0.jpg,1
FILE_033_1.jpg,1
FILE_033_11.jpg,1
FILE_033_12.jpg,1
FILE_033_13.jpg,1
FILE_033_14.jpg,1
FILE_033_15.jpg,1
FILE_033_16.jpg,1
FILE_033_17.jpg,1
FILE_033_19.jpg,1
FILE_033_2.jpg,1
FILE_033_20.jpg,1
FILE_033_21.jpg,1
FILE_033_22.jpg,1
FILE_033_23.jpg,1
FILE_033_24.jpg,1
FILE_033_3.jpg,1
FILE_033_4.jpg,1
FILE_033_5.jpg,1
FILE_033_6.jpg,1
FILE_033_7.jpg,1
FILE_033_8.jpg,1
FILE_033_9.jpg,1
FILE_034.jpg,1
FILE_034_0.jpg,1
FILE_034_1.jpg,1
FILE_034_11.jpg,1
FILE_034_12.jpg,1
FILE_034_13.jpg,1
FILE_034_15.jpg,1
FILE_034_16.jpg,1
FILE_034_17.jpg,1
FILE_034_19.jpg,1
FILE_034_2.jpg,1
FILE_034_20.jpg,1
FILE_034_21.jpg,1
FILE_034_22.jpg,1
FILE_034_23.jpg,1
FILE_034_24.jpg,1
FILE_034_3.jpg,1
FILE_034_4.jpg,1
FILE_034_5.jpg,1
FILE_034_6.jpg,1
FILE_034_7.jpg,1
FILE_034_8.jpg,1
FILE_034_9.jpg,1
FILE_035.jpg,1
FILE_035_0.jpg,1
FILE_035_1.jpg,1
FILE_035_10.jpg,1
FILE_035_11.jpg,1
FILE_035_12.jpg,1
FILE_035_13.jpg,1
FILE_035_14.jpg,1
FILE_035_15.jpg,1
FILE_035_16.jpg,1
FILE_035_17.jpg,1
FILE_035_19.jpg,1
FILE_035_2.jpg,1
FILE_035_20.jpg,1
FILE_035_21.jpg,1
FILE_035_22.jpg,1
FILE_035_23.jpg,1
FILE_035_24.jpg,1
FILE_035_3.jpg,1
FILE_035_4.jpg,1
FILE_035_5.jpg,1
FILE_035_6.jpg,1
FILE_035_7.jpg,1
FILE_035_8.jpg,1
FILE_035_9.jpg,1
FILE_036.jpg,1
FILE_036_0.jpg,1
FILE_036_1.jpg,1
FILE_036_10.jpg,1
FILE_036_11.jpg,1
FILE_036_12.jpg,1
FILE_036_13.jpg,1
FILE_036_14.jpg,1
FILE_036_15.jpg,1
FILE_036_16.jpg,1
FILE_036_17.jpg,1
FILE_036_19.jpg,1
FILE_036_2.jpg,1
FILE_036_20.jpg,1
FILE_036_21.jpg,1
FILE_036_22.jpg,1
FILE_036_23.jpg,1
FILE_036_24.jpg,1
FILE_036_3.jpg,1
FILE_036_4.jpg,1
FILE_036_5.jpg,1
FILE_036_6.jpg,1
FILE_036_7.jpg,1
FILE_036_8.jpg,1
FILE_036_9.jpg,1
FILE_037.jpg,1
FILE_037_0.jpg,1
FILE_037_1.jpg,1
FILE_037_11.jpg,1
FILE_037_12.jpg,1
FILE_037_13.jpg,1
FILE_037_14.jpg,1
FILE_037_15.jpg,1
FILE_037_16.jpg,1
FILE_037_17.jpg,1
FILE_037_19.jpg,1
FILE_037_2.jpg,1
FILE_037_20.jpg,1
FILE_037_21.jpg,1
FILE_037_22.jpg,1
FILE_037_23.jpg,1
FILE_037_24.jpg,1
FILE_037_3.jpg,1
FILE_037_4.jpg,1
FILE_037_5.jpg,1
FILE_037_7.jpg,1
FILE_037_8.jpg,1
FILE_037_9.jpg,1
FILE_038.jpg,1
FILE_038_0.jpg,1
FILE_038_1.jpg,1
FILE_038_10.jpg,1
FILE_038_11.jpg,1
FILE_038_12.jpg,1
FILE_038_13.jpg,1
FILE_038_15.jpg,1
FILE_038_16.jpg,1
FILE_038_17.jpg,1
FILE_038_19.jpg,1
FILE_038_2.jpg,1
FILE_038_20.jpg,1
FILE_038_21.jpg,1
FILE_038_22.jpg,1
FILE_038_23.jpg,1
FILE_038_24.jpg,1
FILE_038_3.jpg,1
FILE_038_4.jpg,1
FILE_038_5.jpg,1
FILE_038_7.jpg,1
FILE_038_8.jpg,1
FILE_038_9.jpg,1
FILE_039.jpg,1
FILE_039_0.jpg,1
FILE_039_1.jpg,1
FILE_039_11.jpg,1
FILE_039_12.jpg,1
FILE_039_13.jpg,1
FILE_039_15.jpg,1
FILE_039_16.jpg,1
FILE_039_17.jpg,1
FILE_039_19.jpg,1
FILE_039_2.jpg,1
FILE_039_20.jpg,1
FILE_039_21.jpg,1
FILE_039_22.jpg,1
FILE_039_23.jpg,1
FILE_039_24.jpg,1
FILE_039_3.jpg,1
FILE_039_4.jpg,1
FILE_039_5.jpg,1
FILE_039_6.jpg,1
FILE_039_7.jpg,1
FILE_039_8.jpg,1
FILE_039_9.jpg,1
FILE_040.jpg,1
FILE_040_0.jpg,1
FILE_040_1.jpg,1
FILE_040_11.jpg,1
FILE_040_12.jpg,1
FILE_040_13.jpg,1
FILE_040_15.jpg,1
FILE_040_16.jpg,1
FILE_040_17.jpg,1
FILE_040_19.jpg,1
FILE_040_2.jpg,1
FILE_040_20.jpg,1
FILE_040_21.jpg,1
FILE_040_22.jpg,1
FILE_040_23.jpg,1
FILE_040_24.jpg,1
FILE_040_3.jpg,1
FILE_040_4.jpg,1
FILE_040_5.jpg,1
FILE_040_6.jpg,1
FILE_040_7.jpg,1
FILE_040_8.jpg,1
FILE_040_9.jpg,1
FILE_041.jpg,1
FILE_041_0.jpg,1
FILE_041_1.jpg,1
FILE_041_11.jpg,1
FILE_041_12.jpg,1
FILE_041_13.jpg,1
FILE_041_14.jpg,1
FILE_041_15.jpg,1
FILE_041_16.jpg,1
FILE_041_17.jpg,1
FILE_041_19.jpg,1
FILE_041_2.jpg,1
FILE_041_20.jpg,1
FILE_041_21.jpg,1
FILE_041_22.jpg,1
FILE_041_23.jpg,1
FILE_041_24.jpg,1
FILE_041_3.jpg,1
FILE_041_4.jpg,1
FILE_041_5.jpg,1
FILE_041_7.jpg,1
FILE_041_8.jpg,1
FILE_041_9.jpg,1
FILE_042.jpg,1
FILE_042_0.jpg,1
FILE_042_1.jpg,1
FILE_042_11.jpg,1
FILE_042_12.jpg,1
FILE_042_13.jpg,1
FILE_042_15.jpg,1
FILE_042_16.jpg,1
FILE_042_17.jpg,1
FILE_042_19.jpg,1
FILE_042_2.jpg,1
FILE_042_20.jpg,1
FILE_042_21.jpg,1
FILE_042_22.jpg,1
FILE_042_23.jpg,1
FILE_042_24.jpg,1
FILE_042_3.jpg,1
FILE_042_4.jpg,1
FILE_042_5.jpg,1
FILE_042_6.jpg,1
FILE_042_7.jpg,1
FILE_042_8.jpg,1
FILE_042_9.jpg,1
FILE_043.jpg,1
FILE_043_0.jpg,1
FILE_043_1.jpg,1
FILE_043_10.jpg,1
FILE_043_11.jpg,1
FILE_043_12.jpg,1
FILE_043_13.jpg,1
FILE_043_15.jpg,1
FILE_043_16.jpg,1
FILE_043_17.jpg,1
FILE_043_19.jpg,1
FILE_043_20.jpg,1
FILE_043_21.jpg,1
FILE_043_22.jpg,1
FILE_043_23.jpg,1
FILE_043_24.jpg,1
FILE_043_3.jpg,1
FILE_043_4.jpg,1
FILE_043_5.jpg,1
FILE_043_7.jpg,1
FILE_043_8.jpg,1
FILE_043_9.jpg,1
FILE_044.jpg,1
FILE_044_0.jpg,1
FILE_044_1.jpg,1
FILE_044_11.jpg,1
FILE_044_12.jpg,1
FILE_044_13.jpg,1
FILE_044_14.jpg,1
FILE_044_15.jpg,1
FILE_044_16.jpg,1
FILE_044_17.jpg,1
FILE_044_19.jpg,1
FILE_044_2.jpg,1
FILE_044_20.jpg,1
FILE_044_21.jpg,1
FILE_044_22.jpg,1
FILE_044_23.jpg,1
FILE_044_24.jpg,1
FILE_044_3.jpg,1
FILE_044_4.jpg,1
FILE_044_5.jpg,1
FILE_044_6.jpg,1
FILE_044_7.jpg,1
FILE_044_8.jpg,1
FILE_044_9.jpg,1
FILE_051.jpg,1
FILE_051_0.jpg,1
FILE_051_1.jpg,1
FILE_051_10.jpg,1
FILE_051_11.jpg,1
FILE_051_12.jpg,1
FILE_051_13.jpg,1
FILE_051_15.jpg,1
FILE_051_16.jpg,1
FILE_051_17.jpg,1
FILE_051_19.jpg,1
FILE_051_2.jpg,1
FILE_051_20.jpg,1
FILE_051_21.jpg,1
FILE_051_22.jpg,1
FILE_051_23.jpg,1
FILE_051_24.jpg,1
FILE_051_3.jpg,1
FILE_051_4.jpg,1
FILE_051_5.jpg,1
FILE_051_6.jpg,1
FILE_051_7.jpg,1
FILE_051_8.jpg,1
FILE_051_9.jpg,1
FILE_054.jpg,1
FILE_054_0.jpg,1
FILE_054_1.jpg,1
FILE_054_10.jpg,1
FILE_054_11.jpg,1
FILE_054_12.jpg,1
FILE_054_13.jpg,1
FILE_054_15.jpg,1
FILE_054_16.jpg,1
FILE_054_17.jpg,1
FILE_054_19.jpg,1
FILE_054_2.jpg,1
FILE_054_20.jpg,1
FILE_054_21.jpg,1
FILE_054_22.jpg,1
FILE_054_23.jpg,1
FILE_054_24.jpg,1
FILE_054_3.jpg,1
FILE_054_4.jpg,1
FILE_054_5.jpg,1
FILE_054_6.jpg,1
FILE_054_7.jpg,1
FILE_054_8.jpg,1
FILE_054_9.jpg,1
FILE_055.jpg,1
FILE_055_0.jpg,1
FILE_055_1.jpg,1
FILE_055_11.jpg,1
FILE_055_12.jpg,1
FILE_055_13.jpg,1
FILE_055_15.jpg,1
FILE_055_16.jpg,1
FILE_055_17.jpg,1
FILE_055_19.jpg,1
FILE_055_2.jpg,1
FILE_055_20.jpg,1
FILE_055_21.jpg,1
FILE_055_22.jpg,1
FILE_055_23.jpg,1
FILE_055_24.jpg,1
FILE_055_3.jpg,1
FILE_055_4.jpg,1
FILE_055_5.jpg,1
FILE_055_6.jpg,1
FILE_055_7.jpg,1
FILE_055_8.jpg,1
FILE_055_9.jpg,1
FILE_058.jpg,1
FILE_058_0.jpg,1
FILE_058_1.jpg,1
FILE_058_10.jpg,1
FILE_058_11.jpg,1
FILE_058_12.jpg,1
FILE_058_13.jpg,1
FILE_058_14.jpg,1
FILE_058_15.jpg,1
FILE_058_16.jpg,1
FILE_058_17.jpg,1
FILE_058_19.jpg,1
FILE_058_2.jpg,1
FILE_058_20.jpg,1
FILE_058_21.jpg,1
FILE_058_22.jpg,1
FILE_058_23.jpg,1
FILE_058_24.jpg,1
FILE_058_3.jpg,1
FILE_058_4.jpg,1
FILE_058_5.jpg,1
FILE_058_6.jpg,1
FILE_058_7.jpg,1
FILE_058_8.jpg,1
FILE_058_9.jpg,1
FILE_060.jpg,1
FILE_060_0.jpg,1
FILE_060_1.jpg,1
FILE_060_10.jpg,1
FILE_060_11.jpg,1
FILE_060_12.jpg,1
FILE_060_13.jpg,1
FILE_060_14.jpg,1
FILE_060_15.jpg,1
FILE_060_16.jpg,1
FILE_060_17.jpg,1
FILE_060_19.jpg,1
FILE_060_2.jpg,1
FILE_060_20.jpg,1
FILE_060_21.jpg,1
FILE_060_22.jpg,1
FILE_060_23.jpg,1
FILE_060_24.jpg,1
FILE_060_3.jpg,1
FILE_060_4.jpg,1
FILE_060_5.jpg,1
FILE_060_6.jpg,1
FILE_060_7.jpg,1
FILE_060_8.jpg,1
FILE_060_9.jpg,1
FILE_061.jpg,1
FILE_061_0.jpg,1
FILE_061_1.jpg,1
FILE_061_11.jpg,1
FILE_061_12.jpg,1
FILE_061_13.jpg,1
FILE_061_15.jpg,1
FILE_061_16.jpg,1
FILE_061_17.jpg,1
FILE_061_19.jpg,1
FILE_061_20.jpg,1
FILE_061_21.jpg,1
FILE_061_22.jpg,1
FILE_061_23.jpg,1
FILE_061_24.jpg,1
FILE_061_3.jpg,1
FILE_061_4.jpg,1
FILE_061_5.jpg,1
FILE_061_6.jpg,1
FILE_061_7.jpg,1
FILE_061_8.jpg,1
FILE_061_9.jpg,1
FILE_064.jpg,1
FILE_064_0.jpg,1
FILE_064_1.jpg,1
FILE_064_11.jpg,1
FILE_064_12.jpg,1
FILE_064_13.jpg,1
FILE_064_15.jpg,1
FILE_064_16.jpg,1
FILE_064_17.jpg,1
FILE_064_19.jpg,1
FILE_064_2.jpg,1
FILE_064_20.jpg,1
FILE_064_21.jpg,1
FILE_064_22.jpg,1
FILE_064_23.jpg,1
FILE_064_24.jpg,1
FILE_064_3.jpg,1
FILE_064_4.jpg,1
FILE_064_5.jpg,1
FILE_064_7.jpg,1
FILE_064_8.jpg,1
FILE_064_9.jpg,1
FILE_066.jpg,1
FILE_066_0.jpg,1
FILE_066_1.jpg,1
FILE_066_11.jpg,1
FILE_066_12.jpg,1
FILE_066_13.jpg,1
FILE_066_15.jpg,1
FILE_066_16.jpg,1
FILE_066_17.jpg,1
FILE_066_19.jpg,1
FILE_066_2.jpg,1
FILE_066_20.jpg,1
FILE_066_21.jpg,1
FILE_066_22.jpg,1
FILE_066_23.jpg,1
FILE_066_24.jpg,1
FILE_066_3.jpg,1
FILE_066_4.jpg,1
FILE_066_5.jpg,1
FILE_066_7.jpg,1
FILE_066_8.jpg,1
FILE_066_9.jpg,1
FILE_067.jpg,1
FILE_067_0.jpg,1
FILE_067_1.jpg,1
FILE_067_10.jpg,1
FILE_067_11.jpg,1
FILE_067_12.jpg,1
FILE_067_13.jpg,1
FILE_067_15.jpg,1
FILE_067_16.jpg,1
FILE_067_17.jpg,1
FILE_067_19.jpg,1
FILE_067_2.jpg,1
FILE_067_20.jpg,1
FILE_067_21.jpg,1
FILE_067_22.jpg,1
FILE_067_23.jpg,1
FILE_067_24.jpg,1
FILE_067_3.jpg,1
FILE_067_4.jpg,1
FILE_067_5.jpg,1
FILE_067_6.jpg,1
FILE_067_7.jpg,1
FILE_067_8.jpg,1
FILE_067_9.jpg,1
FILE_068.jpg,1
FILE_068_0.jpg,1
FILE_068_1.jpg,1
FILE_068_10.jpg,1
FILE_068_11.jpg,1
FILE_068_12.jpg,1
FILE_068_13.jpg,1
FILE_068_15.jpg,1
FILE_068_16.jpg,1
FILE_068_17.jpg,1
FILE_068_19.jpg,1
FILE_068_2.jpg,1
FILE_068_20.jpg,1
FILE_068_21.jpg,1
FILE_068_22.jpg,1
FILE_068_23.jpg,1
FILE_068_24.jpg,1
FILE_068_3.jpg,1
FILE_068_4.jpg,1
FILE_068_5.jpg,1
FILE_068_6.jpg,1
FILE_068_7.jpg,1
FILE_068_8.jpg,1
FILE_068_9.jpg,1
FILE_070.jpg,1
FILE_070_0.jpg,1
FILE_070_1.jpg,1
FILE_070_10.jpg,1
FILE_070_11.jpg,1
FILE_070_12.jpg,1
FILE_070_13.jpg,1
FILE_070_15.jpg,1
FILE_070_16.jpg,1
FILE_070_17.jpg,1
FILE_070_19.jpg,1
FILE_070_20.jpg,1
FILE_070_21.jpg,1
FILE_070_22.jpg,1
FILE_070_23.jpg,1
FILE_070_24.jpg,1
FILE_070_3.jpg,1
FILE_070_4.jpg,1
FILE_070_5.jpg,1
FILE_070_6.jpg,1
FILE_070_7.jpg,1
FILE_070_8.jpg,1
FILE_070_9.jpg,1
FILE_071.jpg,1
FILE_071_0.jpg,1
FILE_071_1.jpg,1
FILE_071_10.jpg,1
FILE_071_11.jpg,1
FILE_071_12.jpg,1
FILE_071_13.jpg,1
FILE_071_15.jpg,1
FILE_071_16.jpg,1
FILE_071_17.jpg,1
FILE_071_19.jpg,1
FILE_071_2.jpg,1
FILE_071_20.jpg,1
FILE_071_21.jpg,1
FILE_071_22.jpg,1
FILE_071_23.jpg,1
FILE_071_24.jpg,1
FILE_071_3.jpg,1
FILE_071_4.jpg,1
FILE_071_5.jpg,1
FILE_071_7.jpg,1
FILE_071_8.jpg,1
FILE_071_9.jpg,1
FILE_072.jpg,1
FILE_072_0.jpg,1
FILE_072_1.jpg,1
FILE_072_10.jpg,1
FILE_072_11.jpg,1
FILE_072_12.jpg,1
FILE_072_13.jpg,1
FILE_072_15.jpg,1
FILE_072_16.jpg,1
FILE_072_17.jpg,1
FILE_072_19.jpg,1
FILE_072_2.jpg,1
FILE_072_20.jpg,1
FILE_072_21.jpg,1
FILE_072_22.jpg,1
FILE_072_23.jpg,1
FILE_072_24.jpg,1
FILE_072_3.jpg,1
FILE_072_4.jpg,1
FILE_072_5.jpg,1
FILE_072_6.jpg,1
FILE_072_7.jpg,1
FILE_072_8.jpg,1
FILE_072_9.jpg,1
FILE_073.jpg,1
FILE_073_0.jpg,1
FILE_073_1.jpg,1
FILE_073_11.jpg,1
FILE_073_12.jpg,1
FILE_073_13.jpg,1
FILE_073_15.jpg,1
FILE_073_16.jpg,1
FILE_073_17.jpg,1
FILE_073_19.jpg,1
FILE_073_2.jpg,1
FILE_073_20.jpg,1
FILE_073_21.jpg,1
FILE_073_22.jpg,1
FILE_073_23.jpg,1
FILE_073_24.jpg,1
FILE_073_3.jpg,1
FILE_073_4.jpg,1
FILE_073_5.jpg,1
FILE_073_6.jpg,1
FILE_073_7.jpg,1
FILE_073_8.jpg,1
FILE_073_9.jpg,1
FILE_076.jpg,1
FILE_076_0.jpg,1
FILE_076_1.jpg,1
FILE_076_11.jpg,1
FILE_076_12.jpg,1
FILE_076_13.jpg,1
FILE_076_15.jpg,1
FILE_076_16.jpg,1
FILE_076_17.jpg,1
FILE_076_19.jpg,1
FILE_076_2.jpg,1
FILE_076_20.jpg,1
FILE_076_21.jpg,1
FILE_076_22.jpg,1
FILE_076_23.jpg,1
FILE_076_24.jpg,1
FILE_076_3.jpg,1
FILE_076_4.jpg,1
FILE_076_5.jpg,1
FILE_076_6.jpg,1
FILE_076_7.jpg,1
FILE_076_8.jpg,1
FILE_076_9.jpg,1
FILE_077.jpg,1
FILE_077_0.jpg,1
FILE_077_1.jpg,1
FILE_077_11.jpg,1
FILE_077_12.jpg,1
FILE_077_13.jpg,1
FILE_077_15.jpg,1
FILE_077_16.jpg,1
FILE_077_17.jpg,1
FILE_077_19.jpg,1
FILE_077_2.jpg,1
FILE_077_20.jpg,1
FILE_077_21.jpg,1
FILE_077_22.jpg,1
FILE_077_23.jpg,1
FILE_077_24.jpg,1
FILE_077_3.jpg,1
FILE_077_4.jpg,1
FILE_077_5.jpg,1
FILE_077_6.jpg,1
FILE_077_7.jpg,1
FILE_077_8.jpg,1
FILE_077_9.jpg,1
FILE_078.jpg,1
FILE_078_0.jpg,1
FILE_078_1.jpg,1
FILE_078_10.jpg,1
FILE_078_11.jpg,1
FILE_078_12.jpg,1
FILE_078_13.jpg,1
FILE_078_15.jpg,1
FILE_078_16.jpg,1
FILE_078_17.jpg,1
FILE_078_19.jpg,1
FILE_078_2.jpg,1
FILE_078_20.jpg,1
FILE_078_21.jpg,1
FILE_078_22.jpg,1
FILE_078_23.jpg,1
FILE_078_24.jpg,1
FILE_078_3.jpg,1
FILE_078_4.jpg,1
FILE_078_5.jpg,1
FILE_078_7.jpg,1
FILE_078_8.jpg,1
FILE_078_9.jpg,1
FILE_079.jpg,1
FILE_079_0.jpg,1
FILE_079_1.jpg,1
FILE_079_11.jpg,1
FILE_079_12.jpg,1
FILE_079_13.jpg,1
FILE_079_14.jpg,1
FILE_079_15.jpg,1
FILE_079_16.jpg,1
FILE_079_17.jpg,1
FILE_079_19.jpg,1
FILE_079_2.jpg,1
FILE_079_20.jpg,1
FILE_079_21.jpg,1
FILE_079_22.jpg,1
FILE_079_23.jpg,1
FILE_079_24.jpg,1
FILE_079_3.jpg,1
FILE_079_4.jpg,1
FILE_079_5.jpg,1
FILE_079_6.jpg,1
FILE_079_7.jpg,1
FILE_079_8.jpg,1
FILE_079_9.jpg,1
FILE_082.jpg,1
FILE_082_0.jpg,1
FILE_082_1.jpg,1
FILE_082_11.jpg,1
FILE_082_12.jpg,1
FILE_082_13.jpg,1
FILE_082_15.jpg,1
FILE_082_16.jpg,1
FILE_082_17.jpg,1
FILE_082_19.jpg,1
FILE_082_2.jpg,1
FILE_082_20.jpg,1
FILE_082_21.jpg,1
FILE_082_22.jpg,1
FILE_082_23.jpg,1
FILE_082_24.jpg,1
FILE_082_3.jpg,1
FILE_082_4.jpg,1
FILE_082_5.jpg,1
FILE_082_6.jpg,1
FILE_082_7.jpg,1
FILE_082_8.jpg,1
FILE_082_9.jpg,1
FILE_083.jpg,1
FILE_083_0.jpg,1
FILE_083_1.jpg,1
FILE_083_10.jpg,1
FILE_083_11.jpg,1
FILE_083_12.jpg,1
FILE_083_13.jpg,1
FILE_083_14.jpg,1
FILE_083_15.jpg,1
FILE_083_16.jpg,1
FILE_083_17.jpg,1
FILE_083_19.jpg,1
FILE_083_2.jpg,1
FILE_083_20.jpg,1
FILE_083_21.jpg,1
FILE_083_22.jpg,1
FILE_083_23.jpg,1
FILE_083_24.jpg,1
FILE_083_3.jpg,1
FILE_083_4.jpg,1
FILE_083_5.jpg,1
FILE_083_6.jpg,1
FILE_083_7.jpg,1
FILE_083_8.jpg,1
FILE_083_9.jpg,1
FILE_084.jpg,1
FILE_084_0.jpg,1
FILE_084_1.jpg,1
FILE_084_11.jpg,1
FILE_084_12.jpg,1
FILE_084_13.jpg,1
FILE_084_15.jpg,1
FILE_084_16.jpg,1
FILE_084_17.jpg,1
FILE_084_19.jpg,1
FILE_084_2.jpg,1
FILE_084_20.jpg,1
FILE_084_21.jpg,1
FILE_084_22.jpg,1
FILE_084_23.jpg,1
FILE_084_24.jpg,1
FILE_084_3.jpg,1
FILE_084_4.jpg,1
FILE_084_5.jpg,1
FILE_084_7.jpg,1
FILE_084_8.jpg,1
FILE_084_9.jpg,1
FILE_085.jpg,1
FILE_085_0.jpg,1
FILE_085_1.jpg,1
FILE_085_11.jpg,1
FILE_085_12.jpg,1
FILE_085_13.jpg,1
FILE_085_14.jpg,1
FILE_085_15.jpg,1
FILE_085_16.jpg,1
FILE_085_17.jpg,1
FILE_085_19.jpg,1
FILE_085_2.jpg,1
FILE_085_20.jpg,1
FILE_085_21.jpg,1
FILE_085_22.jpg,1
FILE_085_23.jpg,1
FILE_085_24.jpg,1
FILE_085_3.jpg,1
FILE_085_4.jpg,1
FILE_085_5.jpg,1
FILE_085_6.jpg,1
FILE_085_7.jpg,1
FILE_085_8.jpg,1
FILE_085_9.jpg,1
FILE_086.jpg,1
FILE_086_0.jpg,1
FILE_086_1.jpg,1
FILE_086_10.jpg,1
FILE_086_11.jpg,1
FILE_086_12.jpg,1
FILE_086_13.jpg,1
FILE_086_15.jpg,1
FILE_086_16.jpg,1
FILE_086_17.jpg,1
FILE_086_19.jpg,1
FILE_086_2.jpg,1
FILE_086_20.jpg,1
FILE_086_21.jpg,1
FILE_086_22.jpg,1
FILE_086_23.jpg,1
FILE_086_24.jpg,1
FILE_086_3.jpg,1
FILE_086_4.jpg,1
FILE_086_5.jpg,1
FILE_086_7.jpg,1
FILE_086_8.jpg,1
FILE_086_9.jpg,1
FILE_087.jpg,1
FILE_087_0.jpg,1
FILE_087_1.jpg,1
FILE_087_11.jpg,1
FILE_087_12.jpg,1
FILE_087_13.jpg,1
FILE_087_15.jpg,1
FILE_087_16.jpg,1
FILE_087_17.jpg,1
FILE_087_19.jpg,1
FILE_087_2.jpg,1
FILE_087_20.jpg,1
FILE_087_21.jpg,1
FILE_087_22.jpg,1
FILE_087_23.jpg,1
FILE_087_24.jpg,1
FILE_087_3.jpg,1
FILE_087_4.jpg,1
FILE_087_5.jpg,1
FILE_087_7.jpg,1
FILE_087_8.jpg,1
FILE_087_9.jpg,1
FILE_089.jpg,1
FILE_089_0.jpg,1
FILE_089_1.jpg,1
FILE_089_10.jpg,1
FILE_089_11.jpg,1
FILE_089_12.jpg,1
FILE_089_13.jpg,1
FILE_089_15.jpg,1
FILE_089_16.jpg,1
FILE_089_17.jpg,1
FILE_089_19.jpg,1
FILE_089_2.jpg,1
FILE_089_20.jpg,1
FILE_089_21.jpg,1
FILE_089_22.jpg,1
FILE_089_23.jpg,1
FILE_089_24.jpg,1
FILE_089_3.jpg,1
FILE_089_4.jpg,1
FILE_089_5.jpg,1
FILE_089_6.jpg,1
FILE_089_7.jpg,1
FILE_089_8.jpg,1
FILE_089_9.jpg,1
FILE_090.jpg,1
FILE_090_0.jpg,1
FILE_090_1.jpg,1
FILE_090_10.jpg,1
FILE_090_11.jpg,1
FILE_090_12.jpg,1
FILE_090_13.jpg,1
FILE_090_14.jpg,1
FILE_090_15.jpg,1
FILE_090_16.jpg,1
FILE_090_17.jpg,1
FILE_090_19.jpg,1
FILE_090_2.jpg,1
FILE_090_20.jpg,1
FILE_090_21.jpg,1
FILE_090_22.jpg,1
FILE_090_23.jpg,1
FILE_090_24.jpg,1
FILE_090_3.jpg,1
FILE_090_4.jpg,1
FILE_090_5.jpg,1
FILE_090_6.jpg,1
FILE_090_7.jpg,1
FILE_090_8.jpg,1
FILE_090_9.jpg,1
FILE_091.jpg,1
FILE_091_0.jpg,1
FILE_091_1.jpg,1
FILE_091_11.jpg,1
FILE_091_12.jpg,1
FILE_091_13.jpg,1
FILE_091_15.jpg,1
FILE_091_16.jpg,1
FILE_091_17.jpg,1
FILE_091_19.jpg,1
FILE_091_2.jpg,1
FILE_091_20.jpg,1
FILE_091_21.jpg,1
FILE_091_22.jpg,1
FILE_091_23.jpg,1
FILE_091_24.jpg,1
FILE_091_3.jpg,1
FILE_091_4.jpg,1
FILE_091_5.jpg,1
FILE_091_6.jpg,1
FILE_091_7.jpg,1
FILE_091_8.jpg,1
FILE_091_9.jpg,1
FILE_092.jpg,1
FILE_092_0.jpg,1
FILE_092_1.jpg,1
FILE_092_11.jpg,1
FILE_092_12.jpg,1
FILE_092_13.jpg,1
FILE_092_15.jpg,1
FILE_092_16.jpg,1
FILE_092_17.jpg,1
FILE_092_19.jpg,1
FILE_092_2.jpg,1
FILE_092_20.jpg,1
FILE_092_21.jpg,1
FILE_092_22.jpg,1
FILE_092_23.jpg,1
FILE_092_24.jpg,1
FILE_092_3.jpg,1
FILE_092_4.jpg,1
FILE_092_5.jpg,1
FILE_092_6.jpg,1
FILE_092_7.jpg,1
FILE_092_8.jpg,1
FILE_092_9.jpg,1
FILE_094.jpg,1
FILE_094_0.jpg,1
FILE_094_1.jpg,1
FILE_094_10.jpg,1
FILE_094_11.jpg,1
FILE_094_12.jpg,1
FILE_094_13.jpg,1
FILE_094_15.jpg,1
FILE_094_16.jpg,1
FILE_094_17.jpg,1
FILE_094_19.jpg,1
FILE_094_2.jpg,1
FILE_094_20.jpg,1
FILE_094_21.jpg,1
FILE_094_22.jpg,1
FILE_094_23.jpg,1
FILE_094_24.jpg,1
FILE_094_3.jpg,1
FILE_094_4.jpg,1
FILE_094_5.jpg,1
FILE_094_7.jpg,1
FILE_094_8.jpg,1
FILE_094_9.jpg,1
FILE_095.jpg,1
FILE_095_0.jpg,1
FILE_095_1.jpg,1
FILE_095_10.jpg,1
FILE_095_11.jpg,1
FILE_095_12.jpg,1
FILE_095_13.jpg,1
FILE_095_15.jpg,1
FILE_095_16.jpg,1
FILE_095_17.jpg,1
FILE_095_19.jpg,1
FILE_095_2.jpg,1
FILE_095_20.jpg,1
FILE_095_21.jpg,1
FILE_095_22.jpg,1
FILE_095_23.jpg,1
FILE_095_24.jpg,1
FILE_095_3.jpg,1
FILE_095_4.jpg,1
FILE_095_5.jpg,1
FILE_095_6.jpg,1
FILE_095_7.jpg,1
FILE_095_8.jpg,1
FILE_095_9.jpg,1
FILE_096.jpg,1
FILE_096_0.jpg,1
FILE_096_1.jpg,1
FILE_096_10.jpg,1
FILE_096_11.jpg,1
FILE_096_12.jpg,1
FILE_096_13.jpg,1
FILE_096_15.jpg,1
FILE_096_16.jpg,1
FILE_096_17.jpg,1
FILE_096_19.jpg,1
FILE_096_2.jpg,1
FILE_096_20.jpg,1
FILE_096_21.jpg,1
FILE_096_22.jpg,1
FILE_096_23.jpg,1
FILE_096_24.jpg,1
FILE_096_3.jpg,1
FILE_096_4.jpg,1
FILE_096_5.jpg,1
FILE_096_7.jpg,1
FILE_096_8.jpg,1
FILE_096_9.jpg,1
FILE_097.jpg,1
FILE_097_0.jpg,1
FILE_097_1.jpg,1
FILE_097_11.jpg,1
FILE_097_12.jpg,1
FILE_097_13.jpg,1
FILE_097_14.jpg,1
FILE_097_15.jpg,1
FILE_097_16.jpg,1
FILE_097_17.jpg,1
FILE_097_19.jpg,1
FILE_097_2.jpg,1
FILE_097_20.jpg,1
FILE_097_21.jpg,1
FILE_097_22.jpg,1
FILE_097_23.jpg,1
FILE_097_24.jpg,1
FILE_097_3.jpg,1
FILE_097_4.jpg,1
FILE_097_5.jpg,1
FILE_097_7.jpg,1
FILE_097_8.jpg,1
FILE_097_9.jpg,1
FILE_098.jpg,1
FILE_098_0.jpg,1
FILE_098_1.jpg,1
FILE_098_10.jpg,1
FILE_098_11.jpg,1
FILE_098_12.jpg,1
FILE_098_13.jpg,1
FILE_098_14.jpg,1
FILE_098_15.jpg,1
FILE_098_16.jpg,1
FILE_098_17.jpg,1
FILE_098_19.jpg,1
FILE_098_2.jpg,1
FILE_098_20.jpg,1
FILE_098_21.jpg,1
FILE_098_22.jpg,1
FILE_098_23.jpg,1
FILE_098_24.jpg,1
FILE_098_3.jpg,1
FILE_098_4.jpg,1
FILE_098_5.jpg,1
FILE_098_7.jpg,1
FILE_098_8.jpg,1
FILE_098_9.jpg,1
FILE_099.jpg,1
FILE_099_0.jpg,1
FILE_099_1.jpg,1
FILE_099_11.jpg,1
FILE_099_12.jpg,1
FILE_099_13.jpg,1
FILE_099_15.jpg,1
FILE_099_16.jpg,1
FILE_099_17.jpg,1
FILE_099_19.jpg,1
FILE_099_2.jpg,1
FILE_099_20.jpg,1
FILE_099_21.jpg,1
FILE_099_22.jpg,1
FILE_099_23.jpg,1
FILE_099_24.jpg,1
FILE_099_3.jpg,1
FILE_099_4.jpg,1
FILE_099_5.jpg,1
FILE_099_6.jpg,1
FILE_099_7.jpg,1
FILE_099_8.jpg,1
FILE_099_9.jpg,1
FILE_100.jpg,1
FILE_100_0.jpg,1
FILE_100_1.jpg,1
FILE_100_10.jpg,1
FILE_100_11.jpg,1
FILE_100_12.jpg,1
FILE_100_13.jpg,1
FILE_100_14.jpg,1
FILE_100_15.jpg,1
FILE_100_16.jpg,1
FILE_100_17.jpg,1
FILE_100_19.jpg,1
FILE_100_2.jpg,1
FILE_100_20.jpg,1
FILE_100_21.jpg,1
FILE_100_22.jpg,1
FILE_100_23.jpg,1
FILE_100_24.jpg,1
FILE_100_3.jpg,1
FILE_100_4.jpg,1
FILE_100_5.jpg,1
FILE_100_7.jpg,1
FILE_100_8.jpg,1
FILE_100_9.jpg,1
FILE_101.jpg,1
FILE_101_0.jpg,1
FILE_101_1.jpg,1
FILE_101_11.jpg,1
FILE_101_12.jpg,1
FILE_101_13.jpg,1
FILE_101_15.jpg,1
FILE_101_16.jpg,1
FILE_101_17.jpg,1
FILE_101_19.jpg,1
FILE_101_2.jpg,1
FILE_101_20.jpg,1
FILE_101_21.jpg,1
FILE_101_22.jpg,1
FILE_101_23.jpg,1
FILE_101_24.jpg,1
FILE_101_3.jpg,1
FILE_101_4.jpg,1
FILE_101_5.jpg,1
FILE_101_7.jpg,1
FILE_101_8.jpg,1
FILE_101_9.jpg,1
FILE_102.jpg,1
FILE_102_0.jpg,1
FILE_102_1.jpg,1
FILE_102_10.jpg,1
FILE_102_11.jpg,1
FILE_102_12.jpg,1
FILE_102_13.jpg,1
FILE_102_14.jpg,1
FILE_102_15.jpg,1
FILE_102_16.jpg,1
FILE_102_17.jpg,1
FILE_102_18.jpg,1
FILE_102_19.jpg,1
FILE_102_2.jpg,1
FILE_102_20.jpg,1
FILE_102_21.jpg,1
FILE_102_22.jpg,1
FILE_102_23.jpg,1
FILE_102_24.jpg,1
FILE_102_3.jpg,1
FILE_102_4.jpg,1
FILE_102_5.jpg,1
FILE_102_7.jpg,1
FILE_102_8.jpg,1
FILE_102_9.jpg,1
FILE_103.jpg,1
FILE_103_0.jpg,1
FILE_103_1.jpg,1
FILE_103_10.jpg,1
FILE_103_11.jpg,1
FILE_103_12.jpg,1
FILE_103_13.jpg,1
FILE_103_15.jpg,1
FILE_103_16.jpg,1
FILE_103_17.jpg,1
FILE_103_19.jpg,1
FILE_103_2.jpg,1
FILE_103_20.jpg,1
FILE_103_21.jpg,1
FILE_103_22.jpg,1
FILE_103_23.jpg,1
FILE_103_24.jpg,1
FILE_103_3.jpg,1
FILE_103_4.jpg,1
FILE_103_5.jpg,1
FILE_103_7.jpg,1
FILE_103_8.jpg,1
FILE_103_9.jpg,1
FILE_104.jpg,1
FILE_104_0.jpg,1
FILE_104_1.jpg,1
FILE_104_11.jpg,1
FILE_104_12.jpg,1
FILE_104_13.jpg,1
FILE_104_15.jpg,1
FILE_104_16.jpg,1
FILE_104_17.jpg,1
FILE_104_19.jpg,1
FILE_104_2.jpg,1
FILE_104_20.jpg,1
FILE_104_21.jpg,1
FILE_104_22.jpg,1
FILE_104_23.jpg,1
FILE_104_24.jpg,1
FILE_104_3.jpg,1
FILE_104_4.jpg,1
FILE_104_5.jpg,1
FILE_104_6.jpg,1
FILE_104_7.jpg,1
FILE_104_8.jpg,1
FILE_104_9.jpg,1
FILE_105.jpg,1
FILE_105_0.jpg,1
FILE_105_1.jpg,1
FILE_105_11.jpg,1
FILE_105_12.jpg,1
FILE_105_13.jpg,1
FILE_105_14.jpg,1
FILE_105_15.jpg,1
FILE_105_16.jpg,1
FILE_105_17.jpg,1
FILE_105_19.jpg,1
FILE_105_2.jpg,1
FILE_105_20.jpg,1
FILE_105_21.jpg,1
FILE_105_22.jpg,1
FILE_105_23.jpg,1
FILE_105_24.jpg,1
FILE_105_3.jpg,1
FILE_105_4.jpg,1
FILE_105_5.jpg,1
FILE_105_6.jpg,1
FILE_105_7.jpg,1
FILE_105_8.jpg,1
FILE_105_9.jpg,1
FILE_106.jpg,1
FILE_106_0.jpg,1
FILE_106_1.jpg,1
FILE_106_11.jpg,1
FILE_106_12.jpg,1
FILE_106_13.jpg,1
FILE_106_15.jpg,1
FILE_106_16.jpg,1
FILE_106_17.jpg,1
FILE_106_19.jpg,1
FILE_106_2.jpg,1
FILE_106_20.jpg,1
FILE_106_21.jpg,1
FILE_106_22.jpg,1
FILE_106_23.jpg,1
FILE_106_24.jpg,1
FILE_106_3.jpg,1
FILE_106_4.jpg,1
FILE_106_5.jpg,1
FILE_106_6.jpg,1
FILE_106_7.jpg,1
FILE_106_8.jpg,1
FILE_106_9.jpg,1
FILE_107.jpg,1
FILE_107_0.jpg,1
FILE_107_1.jpg,1
FILE_107_10.jpg,1
FILE_107_11.jpg,1
FILE_107_12.jpg,1
FILE_107_13.jpg,1
FILE_107_14.jpg,1
FILE_107_15.jpg,1
FILE_107_16.jpg,1
FILE_107_17.jpg,1
FILE_107_19.jpg,1
FILE_107_2.jpg,1
FILE_107_20.jpg,1
FILE_107_21.jpg,1
FILE_107_22.jpg,1
FILE_107_23.jpg,1
FILE_107_24.jpg,1
FILE_107_3.jpg,1
FILE_107_4.jpg,1
FILE_107_5.jpg,1
FILE_107_6.jpg,1
FILE_107_7.jpg,1
FILE_107_8.jpg,1
FILE_107_9.jpg,1
FILE_108.jpg,1
FILE_108_0.jpg,1
FILE_108_1.jpg,1
FILE_108_11.jpg,1
FILE_108_12.jpg,1
FILE_108_13.jpg,1
FILE_108_15.jpg,1
FILE_108_16.jpg,1
FILE_108_17.jpg,1
FILE_108_18.jpg,1
FILE_108_19.jpg,1
FILE_108_2.jpg,1
FILE_108_20.jpg,1
FILE_108_21.jpg,1
FILE_108_22.jpg,1
FILE_108_23.jpg,1
FILE_108_24.jpg,1
FILE_108_3.jpg,1
FILE_108_4.jpg,1
FILE_108_5.jpg,1
FILE_108_6.jpg,1
FILE_108_7.jpg,1
FILE_108_8.jpg,1
FILE_108_9.jpg,1
FILE_109.jpg,1
FILE_109_0.jpg,1
FILE_109_1.jpg,1
FILE_109_10.jpg,1
FILE_109_11.jpg,1
FILE_109_12.jpg,1
FILE_109_13.jpg,1
FILE_109_14.jpg,1
FILE_109_15.jpg,1
FILE_109_16.jpg,1
FILE_109_17.jpg,1
FILE_109_19.jpg,1
FILE_109_2.jpg,1
FILE_109_20.jpg,1
FILE_109_21.jpg,1
FILE_109_22.jpg,1
FILE_109_23.jpg,1
FILE_109_24.jpg,1
FILE_109_3.jpg,1
FILE_109_4.jpg,1
FILE_109_5.jpg,1
FILE_109_6.jpg,1
FILE_109_7.jpg,1
FILE_109_8.jpg,1
FILE_109_9.jpg,1
FILE_110.jpg,1
FILE_110_0.jpg,1
FILE_110_1.jpg,1
FILE_110_11.jpg,1
FILE_110_12.jpg,1
FILE_110_13.jpg,1
FILE_110_15.jpg,1
FILE_110_16.jpg,1
FILE_110_17.jpg,1
FILE_110_19.jpg,1
FILE_110_2.jpg,1
FILE_110_20.jpg,1
FILE_110_21.jpg,1
FILE_110_22.jpg,1
FILE_110_23.jpg,1
FILE_110_24.jpg,1
FILE_110_3.jpg,1
FILE_110_4.jpg,1
FILE_110_5.jpg,1
FILE_110_7.jpg,1
FILE_110_8.jpg,1
FILE_110_9.jpg,1
FILE_111.jpg,1
FILE_111_0.jpg,1
FILE_111_1.jpg,1
FILE_111_10.jpg,1
FILE_111_11.jpg,1
FILE_111_12.jpg,1
FILE_111_13.jpg,1
FILE_111_15.jpg,1
FILE_111_16.jpg,1
FILE_111_17.jpg,1
FILE_111_19.jpg,1
FILE_111_2.jpg,1
FILE_111_20.jpg,1
FILE_111_21.jpg,1
FILE_111_22.jpg,1
FILE_111_23.jpg,1
FILE_111_24.jpg,1
FILE_111_3.jpg,1
FILE_111_4.jpg,1
FILE_111_5.jpg,1
FILE_111_6.jpg,1
FILE_111_7.jpg,1
FILE_111_8.jpg,1
FILE_111_9.jpg,1
FILE_112.jpg,1
FILE_112_0.jpg,1
FILE_112_1.jpg,1
FILE_112_11.jpg,1
FILE_112_12.jpg,1
FILE_112_13.jpg,1
FILE_112_15.jpg,1
FILE_112_16.jpg,1
FILE_112_17.jpg,1
FILE_112_19.jpg,1
FILE_112_20.jpg,1
FILE_112_21.jpg,1
FILE_112_22.jpg,1
FILE_112_23.jpg,1
FILE_112_24.jpg,1
FILE_112_3.jpg,1
FILE_112_4.jpg,1
FILE_112_5.jpg,1
FILE_112_6.jpg,1
FILE_112_7.jpg,1
FILE_112_8.jpg,1
FILE_112_9.jpg,1
FILE_113.jpg,1
FILE_113_0.jpg,1
FILE_113_1.jpg,1
FILE_113_11.jpg,1
FILE_113_12.jpg,1
FILE_113_13.jpg,1
FILE_113_14.jpg,1
FILE_113_15.jpg,1
FILE_113_16.jpg,1
FILE_113_17.jpg,1
FILE_113_19.jpg,1
FILE_113_2.jpg,1
FILE_113_20.jpg,1
FILE_113_21.jpg,1
FILE_113_22.jpg,1
FILE_113_23.jpg,1
FILE_113_24.jpg,1
FILE_113_3.jpg,1
FILE_113_4.jpg,1
FILE_113_5.jpg,1
FILE_113_7.jpg,1
FILE_113_8.jpg,1
FILE_113_9.jpg,1
FILE_114.jpg,1
FILE_114_0.jpg,1
FILE_114_1.jpg,1
FILE_114_10.jpg,1
FILE_114_11.jpg,1
FILE_114_12.jpg,1
FILE_114_13.jpg,1
FILE_114_14.jpg,1
FILE_114_15.jpg,1
FILE_114_16.jpg,1
FILE_114_17.jpg,1
FILE_114_18.jpg,1
FILE_114_19.jpg,1
FILE_114_2.jpg,1
FILE_114_20.jpg,1
FILE_114_21.jpg,1
FILE_114_22.jpg,1
FILE_114_23.jpg,1
FILE_114_24.jpg,1
FILE_114_3.jpg,1
FILE_114_4.jpg,1
FILE_114_5.jpg,1
FILE_114_6.jpg,1
FILE_114_7.jpg,1
FILE_114_8.jpg,1
FILE_114_9.jpg,1
FILE_115.jpg,1
FILE_115_0.jpg,1
FILE_115_1.jpg,1
FILE_115_11.jpg,1
FILE_115_12.jpg,1
FILE_115_13.jpg,1
FILE_115_14.jpg,1
FILE_115_15.jpg,1
FILE_115_16.jpg,1
FILE_115_17.jpg,1
FILE_115_19.jpg,1
FILE_115_2.jpg,1
FILE_115_20.jpg,1
FILE_115_21.jpg,1
FILE_115_22.jpg,1
FILE_115_23.jpg,1
FILE_115_24.jpg,1
FILE_115_3.jpg,1
FILE_115_4.jpg,1
FILE_115_5.jpg,1
FILE_115_7.jpg,1
FILE_115_8.jpg,1
FILE_115_9.jpg,1
FILE_116.jpg,1
FILE_116_0.jpg,1
FILE_116_1.jpg,1
FILE_116_10.jpg,1
FILE_116_11.jpg,1
FILE_116_12.jpg,1
FILE_116_13.jpg,1
FILE_116_15.jpg,1
FILE_116_16.jpg,1
FILE_116_17.jpg,1
FILE_116_19.jpg,1
FILE_116_2.jpg,1
FILE_116_20.jpg,1
FILE_116_21.jpg,1
FILE_116_22.jpg,1
FILE_116_23.jpg,1
FILE_116_24.jpg,1
FILE_116_3.jpg,1
FILE_116_4.jpg,1
FILE_116_5.jpg,1
FILE_116_6.jpg,1
FILE_116_7.jpg,1
FILE_116_8.jpg,1
FILE_116_9.jpg,1
FILE_117.jpg,1
FILE_117_0.jpg,1
FILE_117_1.jpg,1
FILE_117_10.jpg,1
FILE_117_11.jpg,1
FILE_117_12.jpg,1
FILE_117_13.jpg,1
FILE_117_15.jpg,1
FILE_117_16.jpg,1
FILE_117_17.jpg,1
FILE_117_19.jpg,1
FILE_117_20.jpg,1
FILE_117_21.jpg,1
FILE_117_22.jpg,1
FILE_117_23.jpg,1
FILE_117_24.jpg,1
FILE_117_3.jpg,1
FILE_117_4.jpg,1
FILE_117_5.jpg,1
FILE_117_7.jpg,1
FILE_117_8.jpg,1
FILE_117_9.jpg,1
FILE_118.jpg,1
FILE_118_0.jpg,1
FILE_118_1.jpg,1
FILE_118_11.jpg,1
FILE_118_12.jpg,1
FILE_118_13.jpg,1
FILE_118_14.jpg,1
FILE_118_15.jpg,1
FILE_118_16.jpg,1
FILE_118_17.jpg,1
FILE_118_19.jpg,1
FILE_118_2.jpg,1
FILE_118_20.jpg,1
FILE_118_21.jpg,1
FILE_118_22.jpg,1
FILE_118_23.jpg,1
FILE_118_24.jpg,1
FILE_118_3.jpg,1
FILE_118_4.jpg,1
FILE_118_5.jpg,1
FILE_118_7.jpg,1
FILE_118_8.jpg,1
FILE_118_9.jpg,1
FILE_119.jpg,1
FILE_119_0.jpg,1
FILE_119_1.jpg,1
FILE_119_10.jpg,1
FILE_119_11.jpg,1
FILE_119_12.jpg,1
FILE_119_13.jpg,1
FILE_119_15.jpg,1
FILE_119_16.jpg,1
FILE_119_17.jpg,1
FILE_119_19.jpg,1
FILE_119_2.jpg,1
FILE_119_20.jpg,1
FILE_119_21.jpg,1
FILE_119_22.jpg,1
FILE_119_23.jpg,1
FILE_119_24.jpg,1
FILE_119_3.jpg,1
FILE_119_4.jpg,1
FILE_119_5.jpg,1
FILE_119_6.jpg,1
FILE_119_7.jpg,1
FILE_119_8.jpg,1
FILE_119_9.jpg,1
FILE_120.jpg,1
FILE_120_0.jpg,1
FILE_120_1.jpg,1
FILE_120_11.jpg,1
FILE_120_12.jpg,1
FILE_120_13.jpg,1
FILE_120_15.jpg,1
FILE_120_16.jpg,1
FILE_120_17.jpg,1
FILE_120_19.jpg,1
FILE_120_2.jpg,1
FILE_120_20.jpg,1
FILE_120_21.jpg,1
FILE_120_22.jpg,1
FILE_120_23.jpg,1
FILE_120_24.jpg,1
FILE_120_3.jpg,1
FILE_120_4.jpg,1
FILE_120_5.jpg,1
FILE_120_6.jpg,1
FILE_120_7.jpg,1
FILE_120_8.jpg,1
FILE_120_9.jpg,1
FILE_121.jpg,1
FILE_121_0.jpg,1
FILE_121_1.jpg,1
FILE_121_10.jpg,1
FILE_121_11.jpg,1
FILE_121_12.jpg,1
FILE_121_13.jpg,1
FILE_121_14.jpg,1
FILE_121_15.jpg,1
FILE_121_16.jpg,1
FILE_121_17.jpg,1
FILE_121_19.jpg,1
FILE_121_2.jpg,1
FILE_121_20.jpg,1
FILE_121_21.jpg,1
FILE_121_22.jpg,1
FILE_121_23.jpg,1
FILE_121_24.jpg,1
FILE_121_3.jpg,1
FILE_121_4.jpg,1
FILE_121_5.jpg,1
FILE_121_7.jpg,1
FILE_121_8.jpg,1
FILE_121_9.jpg,1
FILE_122.jpg,1
FILE_122_0.jpg,1
FILE_122_1.jpg,1
FILE_122_10.jpg,1
FILE_122_11.jpg,1
FILE_122_12.jpg,1
FILE_122_13.jpg,1
FILE_122_15.jpg,1
FILE_122_16.jpg,1
FILE_122_17.jpg,1
FILE_122_19.jpg,1
FILE_122_2.jpg,1
FILE_122_20.jpg,1
FILE_122_21.jpg,1
FILE_122_22.jpg,1
FILE_122_23.jpg,1
FILE_122_24.jpg,1
FILE_122_3.jpg,1
FILE_122_4.jpg,1
FILE_122_5.jpg,1
FILE_122_7.jpg,1
FILE_122_8.jpg,1
FILE_122_9.jpg,1
FILE_123.jpg,1
FILE_123_0.jpg,1
FILE_123_1.jpg,1
FILE_123_10.jpg,1
FILE_123_11.jpg,1
FILE_123_12.jpg,1
FILE_123_13.jpg,1
FILE_123_15.jpg,1
FILE_123_16.jpg,1
FILE_123_17.jpg,1
FILE_123_19.jpg,1
FILE_123_2.jpg,1
FILE_123_20.jpg,1
FILE_123_21.jpg,1
FILE_123_22.jpg,1
FILE_123_23.jpg,1
FILE_123_24.jpg,1
FILE_123_3.jpg,1
FILE_123_4.jpg,1
FILE_123_5.jpg,1
FILE_123_6.jpg,1
FILE_123_7.jpg,1
FILE_123_8.jpg,1
FILE_123_9.jpg,1
FILE_124.jpg,1
FILE_124_0.jpg,1
FILE_124_1.jpg,1
FILE_124_11.jpg,1
FILE_124_12.jpg,1
FILE_124_13.jpg,1
FILE_124_15.jpg,1
FILE_124_16.jpg,1
FILE_124_17.jpg,1
FILE_124_19.jpg,1
FILE_124_2.jpg,1
FILE_124_20.jpg,1
FILE_124_21.jpg,1
FILE_124_22.jpg,1
FILE_124_23.jpg,1
FILE_124_24.jpg,1
FILE_124_3.jpg,1
FILE_124_4.jpg,1
FILE_124_5.jpg,1
FILE_124_6.jpg,1
FILE_124_7.jpg,1
FILE_124_8.jpg,1
FILE_124_9.jpg,1
FILE_125.jpg,1
FILE_125_0.jpg,1
FILE_125_1.jpg,1
FILE_125_10.jpg,1
FILE_125_11.jpg,1
FILE_125_12.jpg,1
FILE_125_13.jpg,1
FILE_125_15.jpg,1
FILE_125_16.jpg,1
FILE_125_17.jpg,1
FILE_125_19.jpg,1
FILE_125_2.jpg,1
FILE_125_20.jpg,1
FILE_125_21.jpg,1
FILE_125_22.jpg,1
FILE_125_23.jpg,1
FILE_125_24.jpg,1
FILE_125_3.jpg,1
FILE_125_4.jpg,1
FILE_125_5.jpg,1
FILE_125_6.jpg,1
FILE_125_7.jpg,1
FILE_125_8.jpg,1
FILE_125_9.jpg,1
FILE_126.jpg,1
FILE_126_0.jpg,1
FILE_126_1.jpg,1
FILE_126_10.jpg,1
FILE_126_11.jpg,1
FILE_126_12.jpg,1
FILE_126_13.jpg,1
FILE_126_14.jpg,1
FILE_126_15.jpg,1
FILE_126_16.jpg,1
FILE_126_17.jpg,1
FILE_126_18.jpg,1
FILE_126_19.jpg,1
FILE_126_2.jpg,1
FILE_126_20.jpg,1
FILE_126_21.jpg,1
FILE_126_22.jpg,1
FILE_126_23.jpg,1
FILE_126_24.jpg,1
FILE_126_3.jpg,1
FILE_126_4.jpg,1
FILE_126_5.jpg,1
FILE_126_6.jpg,1
FILE_126_7.jpg,1
FILE_126_8.jpg,1
FILE_126_9.jpg,1
FILE_127.jpg,1
FILE_127_0.jpg,1
FILE_127_1.jpg,1
FILE_127_10.jpg,1
FILE_127_11.jpg,1
FILE_127_12.jpg,1
FILE_127_13.jpg,1
FILE_127_15.jpg,1
FILE_127_16.jpg,1
FILE_127_17.jpg,1
FILE_127_19.jpg,1
FILE_127_2.jpg,1
FILE_127_20.jpg,1
FILE_127_21.jpg,1
FILE_127_22.jpg,1
FILE_127_23.jpg,1
FILE_127_24.jpg,1
FILE_127_3.jpg,1
FILE_127_4.jpg,1
FILE_127_5.jpg,1
FILE_127_6.jpg,1
FILE_127_7.jpg,1
FILE_127_8.jpg,1
FILE_127_9.jpg,1
FILE_128.jpg,1
FILE_128_0.jpg,1
FILE_128_1.jpg,1
FILE_128_11.jpg,1
FILE_128_12.jpg,1
FILE_128_13.jpg,1
FILE_128_15.jpg,1
FILE_128_16.jpg,1
FILE_128_17.jpg,1
FILE_128_19.jpg,1
FILE_128_2.jpg,1
FILE_128_20.jpg,1
FILE_128_21.jpg,1
FILE_128_22.jpg,1
FILE_128_23.jpg,1
FILE_128_24.jpg,1
FILE_128_3.jpg,1
FILE_128_4.jpg,1
FILE_128_5.jpg,1
FILE_128_7.jpg,1
FILE_128_8.jpg,1
FILE_128_9.jpg,1
FILE_129.jpg,1
FILE_129_0.jpg,1
FILE_129_1.jpg,1
FILE_129_11.jpg,1
FILE_129_12.jpg,1
FILE_129_13.jpg,1
FILE_129_14.jpg,1
FILE_129_15.jpg,1
FILE_129_16.jpg,1
FILE_129_17.jpg,1
FILE_129_19.jpg,1
FILE_129_2.jpg,1
FILE_129_20.jpg,1
FILE_129_21.jpg,1
FILE_129_22.jpg,1
FILE_129_23.jpg,1
FILE_129_24.jpg,1
FILE_129_3.jpg,1
FILE_129_4.jpg,1
FILE_129_5.jpg,1
FILE_129_7.jpg,1
FILE_129_8.jpg,1
FILE_129_9.jpg,1
FILE_130.jpg,1
FILE_130_0.jpg,1
FILE_130_1.jpg,1
FILE_130_11.jpg,1
FILE_130_12.jpg,1
FILE_130_13.jpg,1
FILE_130_14.jpg,1
FILE_130_15.jpg,1
FILE_130_16.jpg,1
FILE_130_17.jpg,1
FILE_130_19.jpg,1
FILE_130_2.jpg,1
FILE_130_20.jpg,1
FILE_130_21.jpg,1
FILE_130_22.jpg,1
FILE_130_23.jpg,1
FILE_130_24.jpg,1
FILE_130_3.jpg,1
FILE_130_4.jpg,1
FILE_130_5.jpg,1
FILE_130_7.jpg,1
FILE_130_8.jpg,1
FILE_130_9.jpg,1
FILE_131.jpg,1
FILE_131_0.jpg,1
FILE_131_1.jpg,1
FILE_131_11.jpg,1
FILE_131_12.jpg,1
FILE_131_13.jpg,1
FILE_131_14.jpg,1
FILE_131_15.jpg,1
FILE_131_16.jpg,1
FILE_131_17.jpg,1
FILE_131_19.jpg,1
FILE_131_2.jpg,1
FILE_131_20.jpg,1
FILE_131_21.jpg,1
FILE_131_22.jpg,1
FILE_131_23.jpg,1
FILE_131_24.jpg,1
FILE_131_3.jpg,1
FILE_131_4.jpg,1
FILE_131_5.jpg,1
FILE_131_6.jpg,1
FILE_131_7.jpg,1
FILE_131_8.jpg,1
FILE_131_9.jpg,1
FILE_132.jpg,1
FILE_132_0.jpg,1
FILE_132_1.jpg,1
FILE_132_10.jpg,1
FILE_132_11.jpg,1
FILE_132_12.jpg,1
FILE_132_13.jpg,1
FILE_132_14.jpg,1
FILE_132_15.jpg,1
FILE_132_16.jpg,1
FILE_132_17.jpg,1
FILE_132_19.jpg,1
FILE_132_2.jpg,1
FILE_132_20.jpg,1
FILE_132_21.jpg,1
FILE_132_22.jpg,1
FILE_132_23.jpg,1
FILE_132_24.jpg,1
FILE_132_3.jpg,1
FILE_132_4.jpg,1
FILE_132_5.jpg,1
FILE_132_7.jpg,1
FILE_132_8.jpg,1
FILE_132_9.jpg,1
FILE_133.jpg,1
FILE_133_0.jpg,1
FILE_133_1.jpg,1
FILE_133_10.jpg,1
FILE_133_11.jpg,1
FILE_133_12.jpg,1
FILE_133_13.jpg,1
FILE_133_14.jpg,1
FILE_133_15.jpg,1
FILE_133_16.jpg,1
FILE_133_17.jpg,1
FILE_133_19.jpg,1
FILE_133_2.jpg,1
FILE_133_20.jpg,1
FILE_133_21.jpg,1
FILE_133_22.jpg,1
FILE_133_23.jpg,1
FILE_133_24.jpg,1
FILE_133_3.jpg,1
FILE_133_4.jpg,1
FILE_133_5.jpg,1
FILE_133_6.jpg,1
FILE_133_7.jpg,1
FILE_133_8.jpg,1
FILE_133_9.jpg,1
FILE_134.jpg,1
FILE_134_0.jpg,1
FILE_134_1.jpg,1
FILE_134_10.jpg,1
FILE_134_11.jpg,1
FILE_134_12.jpg,1
FILE_134_13.jpg,1
FILE_134_14.jpg,1
FILE_134_15.jpg,1
FILE_134_16.jpg,1
FILE_134_17.jpg,1
FILE_134_19.jpg,1
FILE_134_2.jpg,1
FILE_134_20.jpg,1
FILE_134_21.jpg,1
FILE_134_22.jpg,1
FILE_134_23.jpg,1
FILE_134_24.jpg,1
FILE_134_3.jpg,1
FILE_134_4.jpg,1
FILE_134_5.jpg,1
FILE_134_7.jpg,1
FILE_134_8.jpg,1
FILE_134_9.jpg,1
FILE_135.jpg,1
FILE_135_0.jpg,1
FILE_135_1.jpg,1
FILE_135_11.jpg,1
FILE_135_12.jpg,1
FILE_135_13.jpg,1
FILE_135_14.jpg,1
FILE_135_15.jpg,1
FILE_135_16.jpg,1
FILE_135_17.jpg,1
FILE_135_19.jpg,1
FILE_135_2.jpg,1
FILE_135_20.jpg,1
FILE_135_21.jpg,1
FILE_135_22.jpg,1
FILE_135_23.jpg,1
FILE_135_24.jpg,1
FILE_135_3.jpg,1
FILE_135_4.jpg,1
FILE_135_5.jpg,1
FILE_135_7.jpg,1
FILE_135_8.jpg,1
FILE_135_9.jpg,1
FILE_136.jpg,1
FILE_136_0.jpg,1
FILE_136_1.jpg,1
FILE_136_11.jpg,1
FILE_136_12.jpg,1
FILE_136_13.jpg,1
FILE_136_15.jpg,1
FILE_136_16.jpg,1
FILE_136_17.jpg,1
FILE_136_19.jpg,1
FILE_136_2.jpg,1
FILE_136_20.jpg,1
FILE_136_21.jpg,1
FILE_136_22.jpg,1
FILE_136_23.jpg,1
FILE_136_24.jpg,1
FILE_136_3.jpg,1
FILE_136_4.jpg,1
FILE_136_5.jpg,1
FILE_136_7.jpg,1
FILE_136_8.jpg,1
FILE_136_9.jpg,1
FILE_137.jpg,1
FILE_137_0.jpg,1
FILE_137_1.jpg,1
FILE_137_10.jpg,1
FILE_137_11.jpg,1
FILE_137_12.jpg,1
FILE_137_13.jpg,1
FILE_137_15.jpg,1
FILE_137_16.jpg,1
FILE_137_17.jpg,1
FILE_137_19.jpg,1
FILE_137_2.jpg,1
FILE_137_20.jpg,1
FILE_137_21.jpg,1
FILE_137_22.jpg,1
FILE_137_23.jpg,1
FILE_137_24.jpg,1
FILE_137_3.jpg,1
FILE_137_4.jpg,1
FILE_137_5.jpg,1
FILE_137_7.jpg,1
FILE_137_8.jpg,1
FILE_137_9.jpg,1
FILE_138.jpg,1
FILE_138_0.jpg,1
FILE_138_1.jpg,1
FILE_138_10.jpg,1
FILE_138_11.jpg,1
FILE_138_12.jpg,1
FILE_138_13.jpg,1
FILE_138_15.jpg,1
FILE_138_16.jpg,1
FILE_138_17.jpg,1
FILE_138_19.jpg,1
FILE_138_2.jpg,1
FILE_138_20.jpg,1
FILE_138_21.jpg,1
FILE_138_22.jpg,1
FILE_138_23.jpg,1
FILE_138_24.jpg,1
FILE_138_3.jpg,1
FILE_138_4.jpg,1
FILE_138_5.jpg,1
FILE_138_6.jpg,1
FILE_138_7.jpg,1
FILE_138_8.jpg,1
FILE_138_9.jpg,1
FILE_139.jpg,1
FILE_139_0.jpg,1
FILE_139_1.jpg,1
FILE_139_11.jpg,1
FILE_139_12.jpg,1
FILE_139_13.jpg,1
FILE_139_15.jpg,1
FILE_139_16.jpg,1
FILE_139_17.jpg,1
FILE_139_19.jpg,1
FILE_139_2.jpg,1
FILE_139_20.jpg,1
FILE_139_21.jpg,1
FILE_139_22.jpg,1
FILE_139_23.jpg,1
FILE_139_24.jpg,1
FILE_139_3.jpg,1
FILE_139_4.jpg,1
FILE_139_5.jpg,1
FILE_139_6.jpg,1
FILE_139_7.jpg,1
FILE_139_8.jpg,1
FILE_139_9.jpg,1
FILE_140.jpg,1
FILE_140_0.jpg,1
FILE_140_1.jpg,1
FILE_140_11.jpg,1
FILE_140_12.jpg,1
FILE_140_13.jpg,1
FILE_140_15.jpg,1
FILE_140_16.jpg,1
FILE_140_17.jpg,1
FILE_140_19.jpg,1
FILE_140_2.jpg,1
FILE_140_20.jpg,1
FILE_140_21.jpg,1
FILE_140_22.jpg,1
FILE_140_23.jpg,1
FILE_140_24.jpg,1
FILE_140_3.jpg,1
FILE_140_4.jpg,1
FILE_140_5.jpg,1
FILE_140_7.jpg,1
FILE_140_8.jpg,1
FILE_140_9.jpg,1
FILE_141.jpg,1
FILE_141_0.jpg,1
FILE_141_1.jpg,1
FILE_141_10.jpg,1
FILE_141_11.jpg,1
FILE_141_12.jpg,1
FILE_141_13.jpg,1
FILE_141_15.jpg,1
FILE_141_16.jpg,1
FILE_141_17.jpg,1
FILE_141_19.jpg,1
FILE_141_2.jpg,1
FILE_141_20.jpg,1
FILE_141_21.jpg,1
FILE_141_22.jpg,1
FILE_141_23.jpg,1
FILE_141_24.jpg,1
FILE_141_3.jpg,1
FILE_141_4.jpg,1
FILE_141_5.jpg,1
FILE_141_6.jpg,1
FILE_141_7.jpg,1
FILE_141_8.jpg,1
FILE_141_9.jpg,1
FILE_142.jpg,1
FILE_142_0.jpg,1
FILE_142_1.jpg,1
FILE_142_10.jpg,1
FILE_142_11.jpg,1
FILE_142_12.jpg,1
FILE_142_13.jpg,1
FILE_142_15.jpg,1
FILE_142_16.jpg,1
FILE_142_17.jpg,1
FILE_142_19.jpg,1
FILE_142_2.jpg,1
FILE_142_20.jpg,1
FILE_142_21.jpg,1
FILE_142_22.jpg,1
FILE_142_23.jpg,1
FILE_142_24.jpg,1
FILE_142_3.jpg,1
FILE_142_4.jpg,1
FILE_142_5.jpg,1
FILE_142_7.jpg,1
FILE_142_8.jpg,1
FILE_142_9.jpg,1
FILE_143.jpg,1
FILE_143_0.jpg,1
FILE_143_1.jpg,1
FILE_143_10.jpg,1
FILE_143_11.jpg,1
FILE_143_12.jpg,1
FILE_143_13.jpg,1
FILE_143_15.jpg,1
FILE_143_16.jpg,1
FILE_143_17.jpg,1
FILE_143_19.jpg,1
FILE_143_2.jpg,1
FILE_143_20.jpg,1
FILE_143_21.jpg,1
FILE_143_22.jpg,1
FILE_143_23.jpg,1
FILE_143_24.jpg,1
FILE_143_3.jpg,1
FILE_143_4.jpg,1
FILE_143_5.jpg,1
FILE_143_6.jpg,1
FILE_143_7.jpg,1
FILE_143_8.jpg,1
FILE_143_9.jpg,1
FILE_144.jpg,1
FILE_144_0.jpg,1
FILE_144_1.jpg,1
FILE_144_10.jpg,1
FILE_144_11.jpg,1
FILE_144_12.jpg,1
FILE_144_13.jpg,1
FILE_144_15.jpg,1
FILE_144_16.jpg,1
FILE_144_17.jpg,1
FILE_144_19.jpg,1
FILE_144_20.jpg,1
FILE_144_21.jpg,1
FILE_144_22.jpg,1
FILE_144_23.jpg,1
FILE_144_24.jpg,1
FILE_144_3.jpg,1
FILE_144_4.jpg,1
FILE_144_5.jpg,1
FILE_144_6.jpg,1
FILE_144_7.jpg,1
FILE_144_8.jpg,1
FILE_144_9.jpg,1
FILE_145.jpg,1
FILE_145_0.jpg,1
FILE_145_1.jpg,1
FILE_145_10.jpg,1
FILE_145_11.jpg,1
FILE_145_12.jpg,1
FILE_145_13.jpg,1
FILE_145_15.jpg,1
FILE_145_16.jpg,1
FILE_145_17.jpg,1
FILE_145_19.jpg,1
FILE_145_2.jpg,1
FILE_145_20.jpg,1
FILE_145_21.jpg,1
FILE_145_22.jpg,1
FILE_145_23.jpg,1
FILE_145_24.jpg,1
FILE_145_3.jpg,1
FILE_145_4.jpg,1
FILE_145_5.jpg,1
FILE_145_6.jpg,1
FILE_145_7.jpg,1
FILE_145_8.jpg,1
FILE_145_9.jpg,1
FILE_146.jpg,1
FILE_146_0.jpg,1
FILE_146_1.jpg,1
FILE_146_11.jpg,1
FILE_146_12.jpg,1
FILE_146_13.jpg,1
FILE_146_14.jpg,1
FILE_146_15.jpg,1
FILE_146_16.jpg,1
FILE_146_17.jpg,1
FILE_146_19.jpg,1
FILE_146_2.jpg,1
FILE_146_20.jpg,1
FILE_146_21.jpg,1
FILE_146_22.jpg,1
FILE_146_23.jpg,1
FILE_146_24.jpg,1
FILE_146_3.jpg,1
FILE_146_4.jpg,1
FILE_146_5.jpg,1
FILE_146_7.jpg,1
FILE_146_8.jpg,1
FILE_146_9.jpg,1
FILE_147.jpg,1
FILE_147_0.jpg,1
FILE_147_1.jpg,1
FILE_147_11.jpg,1
FILE_147_12.jpg,1
FILE_147_13.jpg,1
FILE_147_14.jpg,1
FILE_147_15.jpg,1
FILE_147_16.jpg,1
FILE_147_17.jpg,1
FILE_147_19.jpg,1
FILE_147_2.jpg,1
FILE_147_20.jpg,1
FILE_147_21.jpg,1
FILE_147_22.jpg,1
FILE_147_23.jpg,1
FILE_147_24.jpg,1
FILE_147_3.jpg,1
FILE_147_4.jpg,1
FILE_147_5.jpg,1
FILE_147_7.jpg,1
FILE_147_8.jpg,1
FILE_147_9.jpg,1
FILE_148.jpg,1
FILE_148_0.jpg,1
FILE_148_1.jpg,1
FILE_148_10.jpg,1
FILE_148_11.jpg,1
FILE_148_12.jpg,1
FILE_148_13.jpg,1
FILE_148_15.jpg,1
FILE_148_16.jpg,1
FILE_148_17.jpg,1
FILE_148_19.jpg,1
FILE_148_2.jpg,1
FILE_148_20.jpg,1
FILE_148_21.jpg,1
FILE_148_22.jpg,1
FILE_148_23.jpg,1
FILE_148_24.jpg,1
FILE_148_3.jpg,1
FILE_148_4.jpg,1
FILE_148_5.jpg,1
FILE_148_6.jpg,1
FILE_148_7.jpg,1
FILE_148_8.jpg,1
FILE_148_9.jpg,1
FILE_149.jpg,1
FILE_149_0.jpg,1
FILE_149_1.jpg,1
FILE_149_11.jpg,1
FILE_149_12.jpg,1
FILE_149_13.jpg,1
FILE_149_15.jpg,1
FILE_149_16.jpg,1
FILE_149_17.jpg,1
FILE_149_19.jpg,1
FILE_149_2.jpg,1
FILE_149_20.jpg,1
FILE_149_21.jpg,1
FILE_149_22.jpg,1
FILE_149_23.jpg,1
FILE_149_24.jpg,1
FILE_149_3.jpg,1
FILE_149_4.jpg,1
FILE_149_5.jpg,1
FILE_149_6.jpg,1
FILE_149_7.jpg,1
FILE_149_8.jpg,1
FILE_149_9.jpg,1
FILE_150.jpg,1
FILE_150_0.jpg,1
FILE_150_1.jpg,1
FILE_150_11.jpg,1
FILE_150_12.jpg,1
FILE_150_13.jpg,1
FILE_150_15.jpg,1
FILE_150_16.jpg,1
FILE_150_17.jpg,1
FILE_150_19.jpg,1
FILE_150_2.jpg,1
FILE_150_20.jpg,1
FILE_150_21.jpg,1
FILE_150_22.jpg,1
FILE_150_23.jpg,1
FILE_150_24.jpg,1
FILE_150_3.jpg,1
FILE_150_4.jpg,1
FILE_150_5.jpg,1
FILE_150_6.jpg,1
FILE_150_7.jpg,1
FILE_150_8.jpg,1
FILE_150_9.jpg,1
FILE_151.jpg,1
FILE_151_0.jpg,1
FILE_151_1.jpg,1
FILE_151_11.jpg,1
FILE_151_12.jpg,1
FILE_151_13.jpg,1
FILE_151_14.jpg,1
FILE_151_15.jpg,1
FILE_151_16.jpg,1
FILE_151_17.jpg,1
FILE_151_18.jpg,1
FILE_151_19.jpg,1
FILE_151_2.jpg,1
FILE_151_20.jpg,1
FILE_151_21.jpg,1
FILE_151_22.jpg,1
FILE_151_23.jpg,1
FILE_151_24.jpg,1
FILE_151_3.jpg,1
FILE_151_4.jpg,1
FILE_151_5.jpg,1
FILE_151_6.jpg,1
FILE_151_7.jpg,1
FILE_151_8.jpg,1
FILE_151_9.jpg,1
FILE_152.jpg,1
FILE_152_0.jpg,1
FILE_152_1.jpg,1
FILE_152_10.jpg,1
FILE_152_11.jpg,1
FILE_152_12.jpg,1
FILE_152_13.jpg,1
FILE_152_14.jpg,1
FILE_152_15.jpg,1
FILE_152_16.jpg,1
FILE_152_17.jpg,1
FILE_152_19.jpg,1
FILE_152_2.jpg,1
FILE_152_20.jpg,1
FILE_152_21.jpg,1
FILE_152_22.jpg,1
FILE_152_23.jpg,1
FILE_152_24.jpg,1
FILE_152_3.jpg,1
FILE_152_4.jpg,1
FILE_152_5.jpg,1
FILE_152_6.jpg,1
FILE_152_7.jpg,1
FILE_152_8.jpg,1
FILE_152_9.jpg,1
FILE_153.jpg,1
FILE_153_0.jpg,1
FILE_153_1.jpg,1
FILE_153_11.jpg,1
FILE_153_12.jpg,1
FILE_153_13.jpg,1
FILE_153_15.jpg,1
FILE_153_16.jpg,1
FILE_153_17.jpg,1
FILE_153_19.jpg,1
FILE_153_2.jpg,1
FILE_153_20.jpg,1
FILE_153_21.jpg,1
FILE_153_22.jpg,1
FILE_153_23.jpg,1
FILE_153_24.jpg,1
FILE_153_3.jpg,1
FILE_153_4.jpg,1
FILE_153_5.jpg,1
FILE_153_6.jpg,1
FILE_153_7.jpg,1
FILE_153_8.jpg,1
FILE_153_9.jpg,1
FILE_154.jpg,1
FILE_154_0.jpg,1
FILE_154_1.jpg,1
FILE_154_11.jpg,1
FILE_154_12.jpg,1
FILE_154_13.jpg,1
FILE_154_15.jpg,1
FILE_154_16.jpg,1
FILE_154_17.jpg,1
FILE_154_19.jpg,1
FILE_154_2.jpg,1
FILE_154_20.jpg,1
FILE_154_21.jpg,1
FILE_154_22.jpg,1
FILE_154_23.jpg,1
FILE_154_24.jpg,1
FILE_154_3.jpg,1
FILE_154_4.jpg,1
FILE_154_5.jpg,1
FILE_154_7.jpg,1
FILE_154_8.jpg,1
FILE_154_9.jpg,1
FILE_155.jpg,1
FILE_155_0.jpg,1
FILE_155_1.jpg,1
FILE_155_11.jpg,1
FILE_155_12.jpg,1
FILE_155_13.jpg,1
FILE_155_15.jpg,1
FILE_155_16.jpg,1
FILE_155_17.jpg,1
FILE_155_19.jpg,1
FILE_155_2.jpg,1
FILE_155_20.jpg,1
FILE_155_21.jpg,1
FILE_155_22.jpg,1
FILE_155_23.jpg,1
FILE_155_24.jpg,1
FILE_155_3.jpg,1
FILE_155_4.jpg,1
FILE_155_5.jpg,1
FILE_155_7.jpg,1
FILE_155_8.jpg,1
FILE_155_9.jpg,1
FILE_156.jpg,1
FILE_156_0.jpg,1
FILE_156_1.jpg,1
FILE_156_10.jpg,1
FILE_156_11.jpg,1
FILE_156_12.jpg,1
FILE_156_13.jpg,1
FILE_156_15.jpg,1
FILE_156_16.jpg,1
FILE_156_17.jpg,1
FILE_156_18.jpg,1
FILE_156_19.jpg,1
FILE_156_2.jpg,1
FILE_156_20.jpg,1
FILE_156_21.jpg,1
FILE_156_22.jpg,1
FILE_156_23.jpg,1
FILE_156_24.jpg,1
FILE_156_3.jpg,1
FILE_156_4.jpg,1
FILE_156_5.jpg,1
FILE_156_7.jpg,1
FILE_156_8.jpg,1
FILE_156_9.jpg,1
FILE_157.jpg,1
FILE_157_0.jpg,1
FILE_157_1.jpg,1
FILE_157_10.jpg,1
FILE_157_11.jpg,1
FILE_157_12.jpg,1
FILE_157_13.jpg,1
FILE_157_14.jpg,1
FILE_157_15.jpg,1
FILE_157_16.jpg,1
FILE_157_17.jpg,1
FILE_157_19.jpg,1
FILE_157_2.jpg,1
FILE_157_20.jpg,1
FILE_157_21.jpg,1
FILE_157_22.jpg,1
FILE_157_23.jpg,1
FILE_157_24.jpg,1
FILE_157_3.jpg,1
FILE_157_4.jpg,1
FILE_157_5.jpg,1
FILE_157_6.jpg,1
FILE_157_7.jpg,1
FILE_157_8.jpg,1
FILE_157_9.jpg,1
FILE_158.jpg,1
FILE_158_0.jpg,1
FILE_158_1.jpg,1
FILE_158_11.jpg,1
FILE_158_12.jpg,1
FILE_158_13.jpg,1
FILE_158_15.jpg,1
FILE_158_16.jpg,1
FILE_158_17.jpg,1
FILE_158_18.jpg,1
FILE_158_19.jpg,1
FILE_158_2.jpg,1
FILE_158_20.jpg,1
FILE_158_21.jpg,1
FILE_158_22.jpg,1
FILE_158_23.jpg,1
FILE_158_24.jpg,1
FILE_158_3.jpg,1
FILE_158_4.jpg,1
FILE_158_5.jpg,1
FILE_158_6.jpg,1
FILE_158_7.jpg,1
FILE_158_8.jpg,1
FILE_158_9.jpg,1
FILE_159.jpg,1
FILE_159_0.jpg,1
FILE_159_1.jpg,1
FILE_159_10.jpg,1
FILE_159_11.jpg,1
FILE_159_12.jpg,1
FILE_159_13.jpg,1
FILE_159_15.jpg,1
FILE_159_16.jpg,1
FILE_159_17.jpg,1
FILE_159_19.jpg,1
FILE_159_2.jpg,1
FILE_159_20.jpg,1
FILE_159_21.jpg,1
FILE_159_22.jpg,1
FILE_159_23.jpg,1
FILE_159_24.jpg,1
FILE_159_3.jpg,1
FILE_159_4.jpg,1
FILE_159_5.jpg,1
FILE_159_6.jpg,1
FILE_159_7.jpg,1
FILE_159_8.jpg,1
FILE_159_9.jpg,1
FILE_160.jpg,1
FILE_160_0.jpg,1
FILE_160_1.jpg,1
FILE_160_10.jpg,1
FILE_160_11.jpg,1
FILE_160_12.jpg,1
FILE_160_13.jpg,1
FILE_160_14.jpg,1
FILE_160_15.jpg,1
FILE_160_16.jpg,1
FILE_160_17.jpg,1
FILE_160_19.jpg,1
FILE_160_2.jpg,1
FILE_160_20.jpg,1
FILE_160_21.jpg,1
FILE_160_22.jpg,1
FILE_160_23.jpg,1
FILE_160_24.jpg,1
FILE_160_3.jpg,1
FILE_160_4.jpg,1
FILE_160_5.jpg,1
FILE_160_6.jpg,1
FILE_160_7.jpg,1
FILE_160_8.jpg,1
FILE_160_9.jpg,1
FILE_161.jpg,1
FILE_161_0.jpg,1
FILE_161_1.jpg,1
FILE_161_10.jpg,1
FILE_161_11.jpg,1
FILE_161_12.jpg,1
FILE_161_13.jpg,1
FILE_161_15.jpg,1
FILE_161_16.jpg,1
FILE_161_17.jpg,1
FILE_161_19.jpg,1
FILE_161_2.jpg,1
FILE_161_20.jpg,1
FILE_161_21.jpg,1
FILE_161_22.jpg,1
FILE_161_23.jpg,1
FILE_161_24.jpg,1
FILE_161_3.jpg,1
FILE_161_4.jpg,1
FILE_161_5.jpg,1
FILE_161_6.jpg,1
FILE_161_7.jpg,1
FILE_161_8.jpg,1
FILE_161_9.jpg,1
FILE_017.jpg,1
FILE_021.jpg,1
FILE_022.jpg,1
FILE_023.jpg,1
FILE_024.jpg,1
FILE_025.jpg,1
FILE_031.jpg,1
FILE_032.jpg,1
FILE_033.jpg,1
FILE_034.jpg,1
FILE_035.jpg,1
FILE_036.jpg,1
FILE_037.jpg,1
FILE_038.jpg,1
FILE_039.jpg,1
FILE_040.jpg,1
FILE_041.jpg,1
FILE_042.jpg,1
FILE_043.jpg,1
FILE_044.jpg,1
FILE_051.jpg,1
FILE_054.jpg,1
FILE_055.jpg,1
FILE_058.jpg,1
FILE_060.jpg,1
FILE_061.jpg,1
FILE_064.jpg,1
FILE_066.jpg,1
FILE_067.jpg,1
FILE_068.jpg,1
FILE_070.jpg,1
FILE_071.jpg,1
FILE_072.jpg,1
FILE_073.jpg,1
FILE_076.jpg,1
FILE_077.jpg,1
FILE_078.jpg,1
FILE_079.jpg,1
FILE_082.jpg,1
FILE_083.jpg,1
FILE_084.jpg,1
FILE_085.jpg,1
FILE_086.jpg,1
FILE_087.jpg,1
FILE_089.jpg,1
FILE_090.jpg,1
FILE_091.jpg,1
FILE_092.jpg,1
FILE_094.jpg,1
FILE_095.jpg,1
FILE_096.jpg,1
FILE_097.jpg,1
FILE_098.jpg,1
FILE_099.jpg,1
FILE_100.jpg,1
FILE_102.jpg,1
FILE_103.jpg,1
FILE_104.jpg,1
FILE_105.jpg,1
FILE_106.jpg,1
FILE_107.jpg,1
FILE_108.jpg,1
FILE_109.jpg,1
FILE_110.jpg,1
FILE_111.jpg,1
FILE_112.jpg,1
FILE_113.jpg,1
FILE_114.jpg,1
FILE_115.jpg,1
FILE_116.jpg,1
FILE_117.jpg,1
FILE_118.jpg,1
FILE_119.jpg,1
FILE_120.jpg,1
FILE_121.jpg,1
FILE_122.jpg,1
FILE_123.jpg,1
FILE_124.jpg,1
FILE_125.jpg,1
FILE_126.jpg,1
FILE_127.jpg,1
FILE_128.jpg,1
FILE_129.jpg,1
FILE_130.jpg,1
FILE_131.jpg,1
FILE_132.jpg,1
FILE_133.jpg,1
FILE_134.jpg,1
FILE_135.jpg,1
FILE_136.jpg,1
FILE_137.jpg,1
FILE_138.jpg,1
FILE_139.jpg,1
FILE_140.jpg,1
FILE_141.jpg,1
FILE_142.jpg,1
FILE_143.jpg,1
FILE_144.jpg,1
FILE_145.jpg,1
FILE_146.jpg,1
FILE_147.jpg,1
FILE_148.jpg,1
FILE_149.jpg,1
FILE_150.jpg,1
FILE_151.jpg,1
FILE_152.jpg,1
FILE_153.jpg,1
FILE_154.jpg,1
FILE_155.jpg,1
FILE_156.jpg,1
FILE_157.jpg,1
FILE_158.jpg,1
FILE_159.jpg,1
FILE_160.jpg,1
FILE_161.jpg,1
